film_id,title,year,genres
1,Gümüşü Bulud,2004,Dram
2,İsti Sahil,2023,Döyüş|Dram
3,Şirin Xatirə,2011,Döyüş|Triller
4,Yüngül Körpü,2019,Animasiya
5,Unudulmuş Qum,1996,Sənədli|Komediya
6,Dərin İşıq,2008,Triller|Komediya
7,Boş Dağ,2014,Döyüş
8,Gümüşü Qum,2010,Triller|Elmi-fantastika
9,Sınıq Yuxu,2014,Romantika|Qorxu
10,Yüngül Pilləkən,2008,Elmi-fantastika
11,Gizli Nağıl,2001,Sənədli
12,Parlaq Zəng,2007,Dram|Romantika
13,Səssiz Dəniz,2018,Macəra
14,Sehrli İşıq,2012,Macəra|Dram
15,Sınıq Dağ,2011,Komediya
16,Uzaq Qapı,2003,Komediya
17,Unudulmuş Külək,2020,Macəra
18,Səssiz Körpü,2014,Komediya
19,Qara Sirr,2011,Romantika|Triller
20,Köhnə Tufan,2010,Sənədli|Elmi-fantastika
21,Uzun Səhra,1995,Triller|Dram
22,Qaranlıq Saray,2009,Qorxu
23,Sehrli Səs,2000,Triller
24,İsti Damla,2003,Komediya
25,Uzun Saat,2002,Animasiya
26,Köhnə Bahar,2007,Elmi-fantastika
27,Sakit Qum,1997,Döyüş|Triller
28,Küləkli Pəncərə,1997,Komediya
29,Uzaq Sirr,2009,Sənədli|Dram
30,Sınıq Kənd,2002,Dram|Romantika
31,Qarlı Zəng,2004,Romantika|Komediya
32,Sınıq Alov,2004,Elmi-fantastika|Döyüş
33,Yalnız Yuxu,2012,Dram
34,Kölgəli Saray,2008,Komediya
35,Sonuncu Qatar,2009,Triller
36,Kölgəli Bulud,2005,Animasiya
37,Azad Kənd,2002,Triller|Qorxu
38,Yeni Qatar,2006,Romantika|Macəra
39,Qırmızı İşıq,2024,Romantika|Triller
40,Uzun Şəhər,2003,Qorxu
41,Yüngül Otaq,2011,Macəra|Qorxu
42,Köhnə Yuxu,2010,Macəra|Qorxu
43,Əbədi Dəniz,1999,Komediya
44,Qırmızı Küçə,2010,Döyüş
45,Sehrli Bağ,2015,Triller
46,Qaranlıq Göl,2020,Döyüş|Romantika
47,Yalnız Küçə,2010,Macəra
48,Qızılı Güzgü,2013,Romantika
49,Yağışlı Məktub,2015,Elmi-fantastika
50,Yüngül Dəniz,2018,Triller
51,Şirin Göl,2016,Sənədli
52,Soyuq Qala,2020,Triller|Animasiya
53,Sonuncu Liman,2009,Komediya|Dram
54,Yeni Bağ,2021,Komediya
55,Qarlı Ulduz,2018,Macəra|Qorxu
56,Uzaq Liman,2015,Animasiya|Macəra
57,Mavi Nəfəs,2005,Romantika
58,Yeni Nəfəs,2010,Dram|Macəra
59,Qırmızı Dağ,2019,Sənədli|Triller
60,Qarlı Saray,2016,Dram
61,Boş Səhra,2008,Romantika|Qorxu
62,Küləkli Payız,2016,Dram|Triller
63,Acı Yol,2012,Dram
64,Soyuq Dağ,2009,Komediya
65,Parlaq İşıq,1996,Dram|Komediya
66,Qızılı Səs,2010,Romantika|Döyüş
67,Sehrli Güzgü,2011,Komediya
68,Unudulmuş Kölgə,1995,Dram|Döyüş
69,Azad Dağ,2017,Romantika
70,Köhnə Buz,2010,Animasiya
71,Küləkli Küçə,2006,Romantika
72,Şirin Otaq,2023,Dram
73,Sehrli Açar,2020,Triller
74,Gizli Qapı,1995,Döyüş|Komediya
75,Parlaq Küçə,2022,Romantika|Komediya
76,Sınıq Ev,2018,Elmi-fantastika
77,Səssiz Buz,2008,Romantika|Macəra
78,Ağ Liman,2011,Dram|Qorxu
79,Kölgəli Pəncərə,1998,Komediya
80,Ölümsüz Qatar,2003,Dram
81,Sonuncu Bağ,2003,Döyüş|Dram
82,Cəsur Rəqs,2013,Romantika|Triller
83,Küləkli İşıq,2008,Triller|Döyüş
84,Ağ Sirr,2013,Romantika|Komediya
85,Soyuq Nağıl,2016,Komediya
86,Dəli Payız,2018,Dram|Komediya
87,Şirin Liman,1991,Macəra|Komediya
88,Yeni Ulduz,2012,Döyüş|Macəra
89,Acı Rəqs,2017,Döyüş|Triller
90,Yağışlı Qapı,2020,Sənədli|Macəra
91,Qızılı Səhra,2017,Döyüş|Animasiya
92,Yüngül Ulduz,2004,Romantika|Dram
93,Yeni İşıq,2008,Komediya|Triller
94,Boş Otaq,2022,Triller
95,İsti Mahnı,1993,Qorxu|Dram
96,Qızılı Damla,2017,Triller|Dram
97,Qara Meşə,2014,Komediya
98,Azad Bahar,2014,Macəra|Triller
99,Sonuncu Dəniz,2005,Animasiya
100,Boş Tufan,2005,Animasiya
101,Mavi Mahnı,2012,Romantika
102,Yeni Kölgə,2019,Komediya|Elmi-fantastika
103,Acı Qala,1992,Komediya|Döyüş
104,Qaranlıq Dəniz,2012,Dram|Döyüş
105,Ölümsüz Şəhər,2017,Triller|Dram
106,Sehrli Qatar,1992,Animasiya
107,Azad Meşə,2014,Animasiya|Dram
108,Dərin Liman,1993,Elmi-fantastika|Döyüş
109,Dəli Qapı,1991,Qorxu|Komediya
110,Sakit Pilləkən,2003,Elmi-fantastika
111,Sınıq Pilləkən,2002,Dram
112,Ölümsüz Dəniz,2005,Dram
113,Mavi Külək,2020,Romantika
114,Sonuncu Nağıl,2023,Döyüş
115,Soyuq Bağ,2020,Dram|Elmi-fantastika
116,Yalnız Ev,2001,Döyüş
117,Sakit Güzgü,2015,Qorxu
118,Qara Pəncərə,2016,Animasiya
119,Əbədi Nəfəs,2022,Romantika
120,Mavi Damla,2006,Döyüş|Qorxu
121,Köhnə Liman,2009,Dram
122,Kölgəli Liman,2009,Triller
123,Boş Damla,2010,Döyüş|Romantika
124,Uzun Nağıl,2004,Dram|Triller
125,Dərin Bağ,2010,Macəra|Döyüş
126,Uzun Qum,1996,Romantika
127,Ağ Külək,2002,Dram
128,Qarlı Xatirə,2009,Döyüş|Qorxu
129,Uzaq Rəqs,2011,Dram|Qorxu
130,Uzaq Yol,2015,Qorxu|Komediya
131,Cəsur Küçə,2019,Macəra
132,Yağışlı Nağıl,2002,Qorxu
133,Mavi Körpü,2002,Dram
134,Unudulmuş Saat,2011,Qorxu|Macəra
135,Yüngül Payız,2013,Qorxu
136,Gizli Liman,1998,Dram|Sənədli
137,Qırmızı Nağıl,2012,Romantika
138,Sonuncu Kölgə,2021,Komediya|Dram
139,Sehrli Külək,2010,Dram
140,Parlaq Mahnı,2019,Elmi-fantastika
141,Acı Göl,2002,Elmi-fantastika
142,Azad Saat,2003,Dram
143,Acı Pilləkən,2003,Triller
144,Yalnız Sirr,2003,Dram|Animasiya
145,Köhnə Sahil,2009,Komediya|Sənədli
146,Cəsur Damla,2008,Döyüş
147,Sonuncu Qala,2002,Komediya|Triller
148,Kölgəli Yuxu,2020,Triller
149,Qırmızı Tufan,1993,Romantika|Triller
150,İtirilmiş Yuxu,2020,Macəra|Dram
151,Qarlı Qala,2015,Qorxu
152,Kölgəli Kənd,2018,Komediya|Romantika
153,Yalnız Külək,1999,Macəra
154,Sakit Göl,2018,Döyüş
155,Sonuncu Güzgü,2013,Komediya
156,Küləkli Qapı,2007,Döyüş
157,İtirilmiş Bulud,2009,Komediya
158,Köhnə Pəncərə,2009,Dram
159,Dəli Məktub,2023,Dram
160,Kölgəli Ulduz,2003,Döyüş
161,Yüngül Qum,2002,Triller
162,Köhnə Məktub,2005,Macəra|Qorxu
163,Unudulmuş Səs,2020,Dram|Triller
164,Gümüşü Pilləkən,1996,Animasiya|Sənədli
165,Qaranlıq Külək,2015,Triller
166,Qaranlıq Çay,2015,Dram|Macəra
167,Qarlı Yuxu,2018,Macəra
168,Ağ Pilləkən,2013,Döyüş|Elmi-fantastika
169,Acı Səhra,2015,Triller
170,İsti Sirr,2019,Romantika|Animasiya
171,Yağışlı Kənd,2005,Dram
172,Yalnız Qum,2000,Döyüş
173,Dəli Ulduz,2019,Komediya
174,Sehrli Tufan,2013,Dram
175,Şirin Kənd,2015,Dram|Sənədli
176,Səssiz Məktub,1994,Dram
177,Qarlı Pilləkən,2019,Dram|Komediya
178,Yağışlı Qatar,2002,Komediya|Dram
179,Gizli Damla,2019,Dram|Animasiya
180,Yüngül Çay,2022,Macəra
181,Əbədi Açar,2016,Macəra|Animasiya
182,Kölgəli Külək,2010,Romantika
183,Unudulmuş Mahnı,2007,Animasiya
184,Dərin Qala,2002,Komediya|Macəra
185,Səssiz Mahnı,2003,Romantika
186,Uzun Buz,2007,Döyüş|Romantika
187,Qara Məktub,2020,Döyüş|Qorxu
188,Unudulmuş Çay,2003,Elmi-fantastika
189,İtirilmiş Göl,2016,Macəra
190,Unudulmuş Qapı,2016,Komediya|Dram
191,Sınıq Güzgü,2000,Triller|Dram
192,Səssiz Alov,2013,Döyüş
193,Cəsur İşıq,2015,Qorxu|Sənədli
194,Gizli Kənd,2007,Macəra|Döyüş
195,Küləkli Sahil,2020,Macəra
196,Uzun Külək,2015,Dram|Romantika
197,Unudulmuş Körpü,2013,Komediya
198,Küləkli Məktub,2013,Komediya|Elmi-fantastika
199,Yüngül Pəncərə,2019,Döyüş
200,Küləkli Yuxu,2003,Dram|Elmi-fantastika
